Essam AlNaggar;naggar;taki_77
Mohammed Magdy;Baby_Steps;electro__rage
Taokun Zheng;sdhpzhtk;
Xinyu Wu;WuxinyuJason;wxy.xinyu;
Victor Reis;victoreis;victoreis021
Jinyue Su;Phronesis;sujinyue
Yen Thanh Le;yenthanh.t7;binhminh410
Viet Khoi Pham;;pvkhoi
Minh Bao Truong;_TMB_;tmbao
Andrei Dumitru;andreidumitru;dumitruandrei
Todor Markov;Togop;mTogop
Mettu Shiva Reddy;shiva_r31;shivar31
Man Mohan Mishra;m17;m_17
Nikhil Vyas;nikhilvyas;nikhil_vyas
Kunal Singhal;knsn;knsn1994
Satwant Rana;TheTerminalGuy;satwant123
Atanu Chakraborty;alecsyde;shinigami_ryuk
Aman Kumar Kedia;amankedia1994;amankedia94
Freddy Román Cepeda;frcepeda;frcepeda
Diego Terán Ríos;diegoteran;
Reza Kakhki;Elk-Cloner;rezakakhki
Alfredo Altamirano Montealvo;fredy.altamirano;Alfredo_AM
Diego Emilio Gutierrez Yepiz;Diego1149;diego627
Niloy Datta;ndatta;NiloyDatta
Kazuki Takise;takise;takise
Timofey Yushchenko;Timus;Timus1712
Han Chung Wang;darkhh;hanhan0912
Zheng Qin;clavichord93;clavichord
Hao Wu;qwdqkh1;
Lei Chen;;
Hasib Al Muhaimin;hasib;hasib.mo
Miaoyang Li;Lee_vincent;Lee_vincent
Han Wang;;
Aleksey Chesnokov;CleRIC;[CleRIC]
Jian Wang;CodeCRUSH;
Abdullah Bahosain;AU.Bahosain;bahosain889
Hasan Alhamsh;2Nodes;Hasan0540
David Venhoek;0-davidv1992;davidv1992
Abdullah Al Maruf;PlausibleDeniability;maruf_0011
Sakibul Mowla;J-C;sakib_sust
Jiaming Fang;chanme;
Peizhen Hu;yiku;
Hubert Teo;craftomaniac;
Joshua Alman;0-jalman;firebat03
Yuetong Wang;superpear;superpear
Emma Krantz;Unmercifulfish;unmercifulfish
Max Ward-Graham;YouCantHandleMe;maxhwardg
Andrew Gozzard;gozzardam;gozzarda;
Majd Ghada;majd.gda1;majdghda
Hengjie Zhang;zhj;zhj1997
Rafael Mantilla;rjmantilla;rjmantilla
Juan Felipe Baquero Vargas;cowboy;Jfcowboy
Andres Felipe Cruz Salinas;afcruzs;
Gustavo Stor;Godely;GustavoStor
Angel Garcia Gomez;angargo;angargo93
Takumi Yamashita;sate;sate3saku3
Tadamasa Yamaguchi;0-dohatsu;dohatsutsu
Yuanchen Du;danield7;
Weiqiao Han;;weiqiaohan
Alexander Dai;yzyz;yzyzyzyz
Stephen Royal;sroyal;quill5990
Zhu He;Hezhu;Herzu
SiRui Lin;_Lelouch_Vi_Britannia_;
Lan Dao;TiChuot97;tichuot
Siwakorn Srisakaokul;NarakJung;ping128
Lucas Knutson;GoldenGopher;
Dayton Ellwanger;;daytonellwanger
Liam Machado;quake0;
William Li;williamjli;
Samuel Zachary;sazzach;
Maciej Dulęba;Solaris;Solaris3
Yifan Ye;love_master;lovemaster
Jianchang Zhang;wodesuck;wodesuck
Yanfen Ma;mayf3;
